dimension,concepto,unidad,año,etapa,valor,estado,fuente,página,url,fecha_revision
presupuestaria,Ingresos presupuestarios,% del PIB,2024,observado,22.3,oficial,"SHCP, Criterios Generales de Política Económica 2027 (Gaceta Parlamentaria 7121, 8-09-2026)",p. 55,https://gaceta.diputados.gob.mx/PDF/66/2026/sep/20260908-C.pdf,10-10-2026
presupuestaria,Ingresos presupuestarios,millones de pesos,2024,observado,,pendiente,"Pendiente: está en el Tomo II de la Cuenta Pública 2024, que la plataforma aún no coteja",,https://www.cuentapublica.hacienda.gob.mx/es/CP/2024,10-10-2026
presupuestaria,Ingresos presupuestarios,% del PIB,2026,aprobado,22.5,oficial,"SHCP, Criterios Generales de Política Económica 2027 (Gaceta Parlamentaria 7121, 8-09-2026)",p. 67,https://gaceta.diputados.gob.mx/PDF/66/2026/sep/20260908-C.pdf,10-10-2026
presupuestaria,Ingresos presupuestarios,millones de pesos,2026,aprobado,8721057.3,oficial,"SHCP, Criterios Generales de Política Económica 2027 (Gaceta Parlamentaria 7121, 8-09-2026)",p. 67,https://gaceta.diputados.gob.mx/PDF/66/2026/sep/20260908-C.pdf,10-10-2026
presupuestaria,Ingresos presupuestarios,% del PIB,2026,cierre estimado,23.0,oficial,"SHCP, Criterios Generales de Política Económica 2027 (Gaceta Parlamentaria 7121, 8-09-2026)",p. 67,https://gaceta.diputados.gob.mx/PDF/66/2026/sep/20260908-C.pdf,10-10-2026
presupuestaria,Ingresos presupuestarios,millones de pesos,2026,cierre estimado,8537298.7,oficial,"SHCP, Criterios Generales de Política Económica 2027 (Gaceta Parlamentaria 7121, 8-09-2026)",p. 67,https://gaceta.diputados.gob.mx/PDF/66/2026/sep/20260908-C.pdf,10-10-2026
presupuestaria,Ingresos presupuestarios,% del PIB,2027,propuesto,23.2,oficial,"SHCP, Criterios Generales de Política Económica 2027 (Gaceta Parlamentaria 7121, 8-09-2026)",p. 67,https://gaceta.diputados.gob.mx/PDF/66/2026/sep/20260908-C.pdf,10-10-2026
presupuestaria,Ingresos presupuestarios,millones de pesos,2027,propuesto,9156528.9,oficial,"SHCP, Criterios Generales de Política Económica 2027 (Gaceta Parlamentaria 7121, 8-09-2026)",p. 67,https://gaceta.diputados.gob.mx/PDF/66/2026/sep/20260908-C.pdf,10-10-2026
presupuestaria,Ingresos tributarios,% del PIB,2024,observado,14.7,oficial,"SHCP, Criterios Generales de Política Económica 2027 (Gaceta Parlamentaria 7121, 8-09-2026)",p. 55,https://gaceta.diputados.gob.mx/PDF/66/2026/sep/20260908-C.pdf,10-10-2026
presupuestaria,Ingresos tributarios,millones de pesos,2024,observado,,pendiente,"Pendiente: está en el Tomo II de la Cuenta Pública 2024, que la plataforma aún no coteja",,https://www.cuentapublica.hacienda.gob.mx/es/CP/2024,10-10-2026
presupuestaria,Ingresos tributarios,% del PIB,2026,aprobado,15.1,oficial,"SHCP, Criterios Generales de Política Económica 2027 (Gaceta Parlamentaria 7121, 8-09-2026)",p. 67,https://gaceta.diputados.gob.mx/PDF/66/2026/sep/20260908-C.pdf,10-10-2026
presupuestaria,Ingresos tributarios,millones de pesos,2026,aprobado,5838571.0,oficial,"SHCP, Criterios Generales de Política Económica 2027 (Gaceta Parlamentaria 7121, 8-09-2026)",p. 67,https://gaceta.diputados.gob.mx/PDF/66/2026/sep/20260908-C.pdf,10-10-2026
presupuestaria,Ingresos tributarios,% del PIB,2026,cierre estimado,15.4,oficial,"SHCP, Criterios Generales de Política Económica 2027 (Gaceta Parlamentaria 7121, 8-09-2026)",p. 67,https://gaceta.diputados.gob.mx/PDF/66/2026/sep/20260908-C.pdf,10-10-2026
presupuestaria,Ingresos tributarios,millones de pesos,2026,cierre estimado,5730891.9,oficial,"SHCP, Criterios Generales de Política Económica 2027 (Gaceta Parlamentaria 7121, 8-09-2026)",p. 67,https://gaceta.diputados.gob.mx/PDF/66/2026/sep/20260908-C.pdf,10-10-2026
presupuestaria,Ingresos tributarios,% del PIB,2027,propuesto,15.9,oficial,"SHCP, Criterios Generales de Política Económica 2027 (Gaceta Parlamentaria 7121, 8-09-2026)",p. 67,https://gaceta.diputados.gob.mx/PDF/66/2026/sep/20260908-C.pdf,10-10-2026
presupuestaria,Ingresos tributarios,millones de pesos,2027,propuesto,6263886.8,oficial,"SHCP, Criterios Generales de Política Económica 2027 (Gaceta Parlamentaria 7121, 8-09-2026)",p. 67,https://gaceta.diputados.gob.mx/PDF/66/2026/sep/20260908-C.pdf,10-10-2026
presupuestaria,Ingresos petroleros,% del PIB,2024,observado,2.9,oficial,"SHCP, Criterios Generales de Política Económica 2027 (Gaceta Parlamentaria 7121, 8-09-2026)",p. 55,https://gaceta.diputados.gob.mx/PDF/66/2026/sep/20260908-C.pdf,10-10-2026
presupuestaria,Ingresos petroleros,millones de pesos,2024,observado,,pendiente,"Pendiente: está en el Tomo II de la Cuenta Pública 2024, que la plataforma aún no coteja",,https://www.cuentapublica.hacienda.gob.mx/es/CP/2024,10-10-2026
presupuestaria,Ingresos petroleros,% del PIB,2026,aprobado,3.1,oficial,"SHCP, Criterios Generales de Política Económica 2027 (Gaceta Parlamentaria 7121, 8-09-2026)",p. 67,https://gaceta.diputados.gob.mx/PDF/66/2026/sep/20260908-C.pdf,10-10-2026
presupuestaria,Ingresos petroleros,millones de pesos,2026,aprobado,1204277.7,oficial,"SHCP, Criterios Generales de Política Económica 2027 (Gaceta Parlamentaria 7121, 8-09-2026)",p. 67,https://gaceta.diputados.gob.mx/PDF/66/2026/sep/20260908-C.pdf,10-10-2026
presupuestaria,Ingresos petroleros,% del PIB,2026,cierre estimado,3.0,oficial,"SHCP, Criterios Generales de Política Económica 2027 (Gaceta Parlamentaria 7121, 8-09-2026)",p. 67,https://gaceta.diputados.gob.mx/PDF/66/2026/sep/20260908-C.pdf,10-10-2026
presupuestaria,Ingresos petroleros,millones de pesos,2026,cierre estimado,1113958.1,oficial,"SHCP, Criterios Generales de Política Económica 2027 (Gaceta Parlamentaria 7121, 8-09-2026)",p. 67,https://gaceta.diputados.gob.mx/PDF/66/2026/sep/20260908-C.pdf,10-10-2026
presupuestaria,Ingresos petroleros,% del PIB,2027,propuesto,2.5,oficial,"SHCP, Criterios Generales de Política Económica 2027 (Gaceta Parlamentaria 7121, 8-09-2026)",p. 67,https://gaceta.diputados.gob.mx/PDF/66/2026/sep/20260908-C.pdf,10-10-2026
presupuestaria,Ingresos petroleros,millones de pesos,2027,propuesto,984539.7,oficial,"SHCP, Criterios Generales de Política Económica 2027 (Gaceta Parlamentaria 7121, 8-09-2026)",p. 67,https://gaceta.diputados.gob.mx/PDF/66/2026/sep/20260908-C.pdf,10-10-2026
presupuestaria,Gasto neto pagado,% del PIB,2024,observado,27.3,oficial,"SHCP, Criterios Generales de Política Económica 2027 (Gaceta Parlamentaria 7121, 8-09-2026)",p. 55,https://gaceta.diputados.gob.mx/PDF/66/2026/sep/20260908-C.pdf,10-10-2026
presupuestaria,Gasto neto pagado,millones de pesos,2024,observado,,pendiente,"Pendiente: está en el Tomo II de la Cuenta Pública 2024, que la plataforma aún no coteja",,https://www.cuentapublica.hacienda.gob.mx/es/CP/2024,10-10-2026
presupuestaria,Gasto neto pagado,% del PIB,2026,aprobado,26.1,oficial,"SHCP, Criterios Generales de Política Económica 2027 (Gaceta Parlamentaria 7121, 8-09-2026)",p. 67,https://gaceta.diputados.gob.mx/PDF/66/2026/sep/20260908-C.pdf,10-10-2026
presupuestaria,Gasto neto pagado,millones de pesos,2026,aprobado,10114827.9,oficial,"SHCP, Criterios Generales de Política Económica 2027 (Gaceta Parlamentaria 7121, 8-09-2026)",p. 67,https://gaceta.diputados.gob.mx/PDF/66/2026/sep/20260908-C.pdf,10-10-2026
presupuestaria,Gasto neto pagado,% del PIB,2026,cierre estimado,26.6,oficial,"SHCP, Criterios Generales de Política Económica 2027 (Gaceta Parlamentaria 7121, 8-09-2026)",p. 67,https://gaceta.diputados.gob.mx/PDF/66/2026/sep/20260908-C.pdf,10-10-2026
presupuestaria,Gasto neto pagado,millones de pesos,2026,cierre estimado,9874777.8,oficial,"SHCP, Criterios Generales de Política Económica 2027 (Gaceta Parlamentaria 7121, 8-09-2026)",p. 67,https://gaceta.diputados.gob.mx/PDF/66/2026/sep/20260908-C.pdf,10-10-2026
presupuestaria,Gasto neto pagado,% del PIB,2027,propuesto,26.7,oficial,"SHCP, Criterios Generales de Política Económica 2027 (Gaceta Parlamentaria 7121, 8-09-2026)",p. 67,https://gaceta.diputados.gob.mx/PDF/66/2026/sep/20260908-C.pdf,10-10-2026
presupuestaria,Gasto neto pagado,millones de pesos,2027,propuesto,10515087.7,oficial,"SHCP, Criterios Generales de Política Económica 2027 (Gaceta Parlamentaria 7121, 8-09-2026)",p. 67,https://gaceta.diputados.gob.mx/PDF/66/2026/sep/20260908-C.pdf,10-10-2026
presupuestaria,Gasto programable devengado,% del PIB,2024,observado,20.2,oficial,"SHCP, Criterios Generales de Política Económica 2027 (Gaceta Parlamentaria 7121, 8-09-2026)",p. 55,https://gaceta.diputados.gob.mx/PDF/66/2026/sep/20260908-C.pdf,10-10-2026
presupuestaria,Gasto programable devengado,millones de pesos,2024,observado,,pendiente,"Pendiente: está en el Tomo II de la Cuenta Pública 2024, que la plataforma aún no coteja",,https://www.cuentapublica.hacienda.gob.mx/es/CP/2024,10-10-2026
presupuestaria,Gasto programable devengado,% del PIB,2026,aprobado,18.3,oficial,"SHCP, Criterios Generales de Política Económica 2027 (Gaceta Parlamentaria 7121, 8-09-2026)",p. 67,https://gaceta.diputados.gob.mx/PDF/66/2026/sep/20260908-C.pdf,10-10-2026
presupuestaria,Gasto programable devengado,millones de pesos,2026,aprobado,7094708.8,oficial,"SHCP, Criterios Generales de Política Económica 2027 (Gaceta Parlamentaria 7121, 8-09-2026)",p. 67,https://gaceta.diputados.gob.mx/PDF/66/2026/sep/20260908-C.pdf,10-10-2026
presupuestaria,Gasto programable devengado,% del PIB,2026,cierre estimado,19.1,oficial,"SHCP, Criterios Generales de Política Económica 2027 (Gaceta Parlamentaria 7121, 8-09-2026)",p. 67,https://gaceta.diputados.gob.mx/PDF/66/2026/sep/20260908-C.pdf,10-10-2026
presupuestaria,Gasto programable devengado,millones de pesos,2026,cierre estimado,7084505.4,oficial,"SHCP, Criterios Generales de Política Económica 2027 (Gaceta Parlamentaria 7121, 8-09-2026)",p. 67,https://gaceta.diputados.gob.mx/PDF/66/2026/sep/20260908-C.pdf,10-10-2026
presupuestaria,Gasto programable devengado,% del PIB,2027,propuesto,18.9,oficial,"SHCP, Criterios Generales de Política Económica 2027 (Gaceta Parlamentaria 7121, 8-09-2026)",p. 67,https://gaceta.diputados.gob.mx/PDF/66/2026/sep/20260908-C.pdf,10-10-2026
presupuestaria,Gasto programable devengado,millones de pesos,2027,propuesto,7432529.7,oficial,"SHCP, Criterios Generales de Política Económica 2027 (Gaceta Parlamentaria 7121, 8-09-2026)",p. 67,https://gaceta.diputados.gob.mx/PDF/66/2026/sep/20260908-C.pdf,10-10-2026
presupuestaria,Participaciones a estados y municipios,% del PIB,2024,observado,3.7,oficial,"SHCP, Criterios Generales de Política Económica 2027 (Gaceta Parlamentaria 7121, 8-09-2026)",p. 55,https://gaceta.diputados.gob.mx/PDF/66/2026/sep/20260908-C.pdf,10-10-2026
presupuestaria,Participaciones a estados y municipios,millones de pesos,2024,observado,,pendiente,"Pendiente: está en el Tomo II de la Cuenta Pública 2024, que la plataforma aún no coteja",,https://www.cuentapublica.hacienda.gob.mx/es/CP/2024,10-10-2026
presupuestaria,Participaciones a estados y municipios,% del PIB,2026,aprobado,3.8,oficial,"SHCP, Criterios Generales de Política Económica 2027 (Gaceta Parlamentaria 7121, 8-09-2026)",p. 67,https://gaceta.diputados.gob.mx/PDF/66/2026/sep/20260908-C.pdf,10-10-2026
presupuestaria,Participaciones a estados y municipios,millones de pesos,2026,aprobado,1456045.9,oficial,"SHCP, Criterios Generales de Política Económica 2027 (Gaceta Parlamentaria 7121, 8-09-2026)",p. 67,https://gaceta.diputados.gob.mx/PDF/66/2026/sep/20260908-C.pdf,10-10-2026
presupuestaria,Participaciones a estados y municipios,% del PIB,2026,cierre estimado,3.9,oficial,"SHCP, Criterios Generales de Política Económica 2027 (Gaceta Parlamentaria 7121, 8-09-2026)",p. 67,https://gaceta.diputados.gob.mx/PDF/66/2026/sep/20260908-C.pdf,10-10-2026
presupuestaria,Participaciones a estados y municipios,millones de pesos,2026,cierre estimado,1435643.7,oficial,"SHCP, Criterios Generales de Política Económica 2027 (Gaceta Parlamentaria 7121, 8-09-2026)",p. 67,https://gaceta.diputados.gob.mx/PDF/66/2026/sep/20260908-C.pdf,10-10-2026
presupuestaria,Participaciones a estados y municipios,% del PIB,2027,propuesto,3.9,oficial,"SHCP, Criterios Generales de Política Económica 2027 (Gaceta Parlamentaria 7121, 8-09-2026)",p. 67,https://gaceta.diputados.gob.mx/PDF/66/2026/sep/20260908-C.pdf,10-10-2026
presupuestaria,Participaciones a estados y municipios,millones de pesos,2027,propuesto,1547607.9,oficial,"SHCP, Criterios Generales de Política Económica 2027 (Gaceta Parlamentaria 7121, 8-09-2026)",p. 67,https://gaceta.diputados.gob.mx/PDF/66/2026/sep/20260908-C.pdf,10-10-2026
presupuestaria,Balance presupuestario (déficit si es negativo),% del PIB,2024,observado,-5.0,oficial,"SHCP, Criterios Generales de Política Económica 2027 (Gaceta Parlamentaria 7121, 8-09-2026)",p. 55,https://gaceta.diputados.gob.mx/PDF/66/2026/sep/20260908-C.pdf,10-10-2026
presupuestaria,Balance presupuestario (déficit si es negativo),millones de pesos,2024,observado,,pendiente,"Pendiente: está en el Tomo II de la Cuenta Pública 2024, que la plataforma aún no coteja",,https://www.cuentapublica.hacienda.gob.mx/es/CP/2024,10-10-2026
presupuestaria,Balance presupuestario (déficit si es negativo),% del PIB,2026,aprobado,-3.6,oficial,"SHCP, Criterios Generales de Política Económica 2027 (Gaceta Parlamentaria 7121, 8-09-2026)",p. 67,https://gaceta.diputados.gob.mx/PDF/66/2026/sep/20260908-C.pdf,10-10-2026
presupuestaria,Balance presupuestario (déficit si es negativo),millones de pesos,2026,aprobado,-1393770.6,oficial,"SHCP, Criterios Generales de Política Económica 2027 (Gaceta Parlamentaria 7121, 8-09-2026)",p. 67,https://gaceta.diputados.gob.mx/PDF/66/2026/sep/20260908-C.pdf,10-10-2026
presupuestaria,Balance presupuestario (déficit si es negativo),% del PIB,2026,cierre estimado,-3.6,oficial,"SHCP, Criterios Generales de Política Económica 2027 (Gaceta Parlamentaria 7121, 8-09-2026)",p. 67,https://gaceta.diputados.gob.mx/PDF/66/2026/sep/20260908-C.pdf,10-10-2026
presupuestaria,Balance presupuestario (déficit si es negativo),millones de pesos,2026,cierre estimado,-1337479.1,oficial,"SHCP, Criterios Generales de Política Económica 2027 (Gaceta Parlamentaria 7121, 8-09-2026)",p. 67,https://gaceta.diputados.gob.mx/PDF/66/2026/sep/20260908-C.pdf,10-10-2026
presupuestaria,Balance presupuestario (déficit si es negativo),% del PIB,2027,propuesto,-3.4,oficial,"SHCP, Criterios Generales de Política Económica 2027 (Gaceta Parlamentaria 7121, 8-09-2026)",p. 67,https://gaceta.diputados.gob.mx/PDF/66/2026/sep/20260908-C.pdf,10-10-2026
presupuestaria,Balance presupuestario (déficit si es negativo),millones de pesos,2027,propuesto,-1358558.8,oficial,"SHCP, Criterios Generales de Política Económica 2027 (Gaceta Parlamentaria 7121, 8-09-2026)",p. 67,https://gaceta.diputados.gob.mx/PDF/66/2026/sep/20260908-C.pdf,10-10-2026
financiera,Costo financiero de la deuda,% del PIB,2024,observado,3.4,oficial,"SHCP, Criterios Generales de Política Económica 2027 (Gaceta Parlamentaria 7121, 8-09-2026)",p. 55,https://gaceta.diputados.gob.mx/PDF/66/2026/sep/20260908-C.pdf,10-10-2026
financiera,Costo financiero de la deuda,millones de pesos,2024,observado,,pendiente,"Pendiente: está en el Tomo II de la Cuenta Pública 2024, que la plataforma aún no coteja",,https://www.cuentapublica.hacienda.gob.mx/es/CP/2024,10-10-2026
financiera,Costo financiero de la deuda,% del PIB,2026,aprobado,4.1,oficial,"SHCP, Criterios Generales de Política Económica 2027 (Gaceta Parlamentaria 7121, 8-09-2026)",p. 67,https://gaceta.diputados.gob.mx/PDF/66/2026/sep/20260908-C.pdf,10-10-2026
financiera,Costo financiero de la deuda,millones de pesos,2026,aprobado,1572073.3,oficial,"SHCP, Criterios Generales de Política Económica 2027 (Gaceta Parlamentaria 7121, 8-09-2026)",p. 67,https://gaceta.diputados.gob.mx/PDF/66/2026/sep/20260908-C.pdf,10-10-2026
financiera,Costo financiero de la deuda,% del PIB,2026,cierre estimado,3.7,oficial,"SHCP, Criterios Generales de Política Económica 2027 (Gaceta Parlamentaria 7121, 8-09-2026)",p. 67,https://gaceta.diputados.gob.mx/PDF/66/2026/sep/20260908-C.pdf,10-10-2026
financiera,Costo financiero de la deuda,millones de pesos,2026,cierre estimado,1364484.4,oficial,"SHCP, Criterios Generales de Política Económica 2027 (Gaceta Parlamentaria 7121, 8-09-2026)",p. 67,https://gaceta.diputados.gob.mx/PDF/66/2026/sep/20260908-C.pdf,10-10-2026
financiera,Costo financiero de la deuda,% del PIB,2027,propuesto,4.0,oficial,"SHCP, Criterios Generales de Política Económica 2027 (Gaceta Parlamentaria 7121, 8-09-2026)",p. 67,https://gaceta.diputados.gob.mx/PDF/66/2026/sep/20260908-C.pdf,10-10-2026
financiera,Costo financiero de la deuda,millones de pesos,2027,propuesto,1574950.2,oficial,"SHCP, Criterios Generales de Política Económica 2027 (Gaceta Parlamentaria 7121, 8-09-2026)",p. 67,https://gaceta.diputados.gob.mx/PDF/66/2026/sep/20260908-C.pdf,10-10-2026
financiera,Balance primario,% del PIB,2024,observado,-1.6,oficial,"SHCP, Criterios Generales de Política Económica 2027 (Gaceta Parlamentaria 7121, 8-09-2026)",p. 55,https://gaceta.diputados.gob.mx/PDF/66/2026/sep/20260908-C.pdf,10-10-2026
financiera,Balance primario,millones de pesos,2024,observado,,pendiente,"Pendiente: está en el Tomo II de la Cuenta Pública 2024, que la plataforma aún no coteja",,https://www.cuentapublica.hacienda.gob.mx/es/CP/2024,10-10-2026
financiera,Balance primario,% del PIB,2026,aprobado,0.5,oficial,"SHCP, Criterios Generales de Política Económica 2027 (Gaceta Parlamentaria 7121, 8-09-2026)",p. 67,https://gaceta.diputados.gob.mx/PDF/66/2026/sep/20260908-C.pdf,10-10-2026
financiera,Balance primario,millones de pesos,2026,aprobado,178802.6,oficial,"SHCP, Criterios Generales de Política Económica 2027 (Gaceta Parlamentaria 7121, 8-09-2026)",p. 67,https://gaceta.diputados.gob.mx/PDF/66/2026/sep/20260908-C.pdf,10-10-2026
financiera,Balance primario,% del PIB,2026,cierre estimado,0.1,oficial,"SHCP, Criterios Generales de Política Económica 2027 (Gaceta Parlamentaria 7121, 8-09-2026)",p. 67,https://gaceta.diputados.gob.mx/PDF/66/2026/sep/20260908-C.pdf,10-10-2026
financiera,Balance primario,millones de pesos,2026,cierre estimado,27505.3,oficial,"SHCP, Criterios Generales de Política Económica 2027 (Gaceta Parlamentaria 7121, 8-09-2026)",p. 67,https://gaceta.diputados.gob.mx/PDF/66/2026/sep/20260908-C.pdf,10-10-2026
financiera,Balance primario,% del PIB,2027,propuesto,0.6,oficial,"SHCP, Criterios Generales de Política Económica 2027 (Gaceta Parlamentaria 7121, 8-09-2026)",p. 67,https://gaceta.diputados.gob.mx/PDF/66/2026/sep/20260908-C.pdf,10-10-2026
financiera,Balance primario,millones de pesos,2027,propuesto,216891.3,oficial,"SHCP, Criterios Generales de Política Económica 2027 (Gaceta Parlamentaria 7121, 8-09-2026)",p. 67,https://gaceta.diputados.gob.mx/PDF/66/2026/sep/20260908-C.pdf,10-10-2026
financiera,Deuda amplia (SHRFSP),% del PIB,2024,observado,51.9,oficial,"SHCP, Criterios Generales de Política Económica 2027 (Gaceta Parlamentaria 7121, 8-09-2026)",p. 52,https://gaceta.diputados.gob.mx/PDF/66/2026/sep/20260908-C.pdf,10-10-2026
financiera,Deuda amplia (SHRFSP),millones de pesos,2024,observado,,pendiente,"Pendiente: está en el Tomo II de la Cuenta Pública 2024, que la plataforma aún no coteja",,https://www.cuentapublica.hacienda.gob.mx/es/CP/2024,10-10-2026
financiera,Deuda amplia (SHRFSP),% del PIB,2026,aprobado,52.3,oficial,"SHCP, Criterios Generales de Política Económica 2027 (Gaceta Parlamentaria 7121, 8-09-2026)",p. 67,https://gaceta.diputados.gob.mx/PDF/66/2026/sep/20260908-C.pdf,10-10-2026
financiera,Deuda amplia (SHRFSP),millones de pesos,2026,aprobado,20259590.7,oficial,"SHCP, Criterios Generales de Política Económica 2027 (Gaceta Parlamentaria 7121, 8-09-2026)",p. 67,https://gaceta.diputados.gob.mx/PDF/66/2026/sep/20260908-C.pdf,10-10-2026
financiera,Deuda amplia (SHRFSP),% del PIB,2026,cierre estimado,54.0,oficial,"SHCP, Criterios Generales de Política Económica 2027 (Gaceta Parlamentaria 7121, 8-09-2026)",p. 67,https://gaceta.diputados.gob.mx/PDF/66/2026/sep/20260908-C.pdf,10-10-2026
financiera,Deuda amplia (SHRFSP),millones de pesos,2026,cierre estimado,20062321.6,oficial,"SHCP, Criterios Generales de Política Económica 2027 (Gaceta Parlamentaria 7121, 8-09-2026)",p. 67,https://gaceta.diputados.gob.mx/PDF/66/2026/sep/20260908-C.pdf,10-10-2026
financiera,Deuda amplia (SHRFSP),% del PIB,2027,propuesto,55.0,oficial,"SHCP, Criterios Generales de Política Económica 2027 (Gaceta Parlamentaria 7121, 8-09-2026)",p. 67,https://gaceta.diputados.gob.mx/PDF/66/2026/sep/20260908-C.pdf,10-10-2026
financiera,Deuda amplia (SHRFSP),millones de pesos,2027,propuesto,21665995.8,oficial,"SHCP, Criterios Generales de Política Económica 2027 (Gaceta Parlamentaria 7121, 8-09-2026)",p. 67,https://gaceta.diputados.gob.mx/PDF/66/2026/sep/20260908-C.pdf,10-10-2026
contable 2024 (Gobierno Federal),Gasto neto total aprobado,millones de pesos,2024,aprobado,9066045.8,oficial,"Decreto de Presupuesto de Egresos de la Federación 2024, art. 1 (DOF 25-11-2023): «$9,066,045,800,000»",,https://dof.gob.mx/2023/SHCP/PEF_2024.html,10-10-2026
contable 2024 (Gobierno Federal),Gasto neto total modificado,millones de pesos,2024,cuenta pública,,pendiente,"Está en el Tomo II de la Cuenta Pública 2024, que Hacienda sí publicó; la plataforma aún no lo ha cotejado (falta de la plataforma, no de Hacienda).",,https://www.cuentapublica.hacienda.gob.mx/es/CP/2024,10-10-2026
contable 2024 (Gobierno Federal),Gasto neto total devengado,millones de pesos,2024,cuenta pública,,pendiente,"Está en el Tomo II de la Cuenta Pública 2024, que Hacienda sí publicó; la plataforma aún no lo ha cotejado (falta de la plataforma, no de Hacienda).",,https://www.cuentapublica.hacienda.gob.mx/es/CP/2024,10-10-2026
contable 2024 (Gobierno Federal),Gasto neto total ejercido,millones de pesos,2024,cuenta pública,,pendiente,"Está en el Tomo II de la Cuenta Pública 2024, que Hacienda sí publicó; la plataforma aún no lo ha cotejado (falta de la plataforma, no de Hacienda).",,https://www.cuentapublica.hacienda.gob.mx/es/CP/2024,10-10-2026
contable 2024 (Gobierno Federal),Gasto neto total pagado,millones de pesos,2024,cuenta pública,,pendiente,"Está en el Tomo II de la Cuenta Pública 2024, que Hacienda sí publicó; la plataforma aún no lo ha cotejado (falta de la plataforma, no de Hacienda).",,https://www.cuentapublica.hacienda.gob.mx/es/CP/2024,10-10-2026
contable 2024 (Gobierno Federal),Desglose por capítulo de gasto (1000 a 9000),millones de pesos,2024,cuenta pública,,pendiente,"Está en el Tomo II de la Cuenta Pública 2024, que Hacienda sí publicó; la plataforma aún no lo ha cotejado (falta de la plataforma, no de Hacienda).",,https://www.cuentapublica.hacienda.gob.mx/es/CP/2024,10-10-2026
contable 2024 (Gobierno Federal),"Ingresos de la gestión (impuestos, derechos, productos y aprovechamientos)",millones de pesos,2024,cuenta pública,5341758.1,oficial,"SHCP, Cuenta Pública 2024, Tomo II, Estado de Actividades del Gobierno Federal: «Ingresos de la Gestión 5,341,758,142,949» (pesos)",,https://www.cuentapublica.hacienda.gob.mx/work/models/CP/2024/tomo/II/MAT_Print.I50.02.CON_EA_GF.pdf,10-10-2026
contable 2024 (Gobierno Federal),Intereses de la deuda pública,millones de pesos,2024,cuenta pública,933408.4,oficial,"SHCP, Cuenta Pública 2024, Tomo II, Estado de Actividades del Gobierno Federal: «Intereses de la Deuda Pública 933,408,432,163» (pesos)",,https://www.cuentapublica.hacienda.gob.mx/work/models/CP/2024/tomo/II/MAT_Print.I50.02.CON_EA_GF.pdf,10-10-2026
contable 2024 (Gobierno Federal),Total de gastos y otras pérdidas,millones de pesos,2024,cuenta pública,,pendiente,"Está en el Tomo II de la Cuenta Pública 2024, que Hacienda sí publicó; la plataforma aún no lo ha cotejado (falta de la plataforma, no de Hacienda).",,https://www.cuentapublica.hacienda.gob.mx/work/models/CP/2024/tomo/II/MAT_Print.I50.02.CON_EA_GF.pdf,10-10-2026
contable 2024 (Gobierno Federal),Resultado del ejercicio (ahorro o desahorro),millones de pesos,2024,cuenta pública,,pendiente,"Está en el Tomo II de la Cuenta Pública 2024, que Hacienda sí publicó; la plataforma aún no lo ha cotejado (falta de la plataforma, no de Hacienda).",,https://www.cuentapublica.hacienda.gob.mx/work/models/CP/2024/tomo/II/MAT_Print.I50.02.CON_EA_GF.pdf,10-10-2026
contable 2024 (Gobierno Federal),Flujos netos de las actividades de operación,millones de pesos,2024,cuenta pública,,pendiente,"Está en el Tomo II de la Cuenta Pública 2024, que Hacienda sí publicó; la plataforma aún no lo ha cotejado (falta de la plataforma, no de Hacienda).",,https://www.cuentapublica.hacienda.gob.mx/es/CP/2024,10-10-2026
contable 2024 (Gobierno Federal),Flujos netos de las actividades de inversión,millones de pesos,2024,cuenta pública,,pendiente,"Está en el Tomo II de la Cuenta Pública 2024, que Hacienda sí publicó; la plataforma aún no lo ha cotejado (falta de la plataforma, no de Hacienda).",,https://www.cuentapublica.hacienda.gob.mx/es/CP/2024,10-10-2026
contable 2024 (Gobierno Federal),Flujos netos de las actividades de financiamiento,millones de pesos,2024,cuenta pública,,pendiente,"Está en el Tomo II de la Cuenta Pública 2024, que Hacienda sí publicó; la plataforma aún no lo ha cotejado (falta de la plataforma, no de Hacienda).",,https://www.cuentapublica.hacienda.gob.mx/es/CP/2024,10-10-2026
contable 2024 (Gobierno Federal),Efectivo y equivalentes al final del ejercicio,millones de pesos,2024,cuenta pública,,pendiente,"Está en el Tomo II de la Cuenta Pública 2024, que Hacienda sí publicó; la plataforma aún no lo ha cotejado (falta de la plataforma, no de Hacienda).",,https://www.cuentapublica.hacienda.gob.mx/es/CP/2024,10-10-2026
contable 2024 (Gobierno Federal),Activo total,millones de pesos,2024,cuenta pública,,pendiente,"Está en el Tomo II de la Cuenta Pública 2024, que Hacienda sí publicó; la plataforma aún no lo ha cotejado (falta de la plataforma, no de Hacienda).",,https://www.cuentapublica.hacienda.gob.mx/es/CP/2024,10-10-2026
contable 2024 (Gobierno Federal),Pasivo total,millones de pesos,2024,cuenta pública,,pendiente,"Está en el Tomo II de la Cuenta Pública 2024, que Hacienda sí publicó; la plataforma aún no lo ha cotejado (falta de la plataforma, no de Hacienda).",,https://www.cuentapublica.hacienda.gob.mx/es/CP/2024,10-10-2026
contable 2024 (Gobierno Federal),Hacienda pública / patrimonio,millones de pesos,2024,cuenta pública,,pendiente,"Está en el Tomo II de la Cuenta Pública 2024, que Hacienda sí publicó; la plataforma aún no lo ha cotejado (falta de la plataforma, no de Hacienda).",,https://www.cuentapublica.hacienda.gob.mx/es/CP/2024,10-10-2026
social,Pensión para el Bienestar de las Personas Adultas Mayores,millones de pesos,2024,devengado,,pendiente,"El aprobado y el devengado de 2024 están en el Estado Analítico del Ramo 20 de la Cuenta Pública 2024 (Tomo III), pero la plataforma aún no los ha cotejado: el portal de la Cuenta Pública no se pudo abrir con conexión verificada. La cifra que se mostraba antes (465,048 mdp) se retiró porque estaba rotulada como devengado y corresponde al aprobado.",,https://www.cuentapublica.hacienda.gob.mx/work/models/CP/2024/tomo/III/Print.20R20.03.EAEPCFPGF.pdf,10-10-2026
social,Programa de Becas de Educación Básica para el Bienestar Benito Juárez,millones de pesos,2024,devengado,42571.5982,oficial,"Estado Analítico del Ejercicio del Presupuesto de Egresos en Clasificación Administrativa de la SEP, Cuenta Pública 2024, reproducido por la ASF en la Auditoría de Cumplimiento 2024-5-11O00-19-0113-2025, p. 8 (miles de pesos, convertidos a millones)",,https://www.asf.gob.mx/Trans/Informes/IR2024b/Documentos/Auditorias/2024_0113_a.pdf,10-10-2026
social,Beca Universal para Estudiantes de Educación Media Superior Benito Juárez,millones de pesos,2024,devengado,33301.2359,oficial,"Estado Analítico del Ejercicio del Presupuesto de Egresos en Clasificación Administrativa de la SEP, Cuenta Pública 2024, reproducido por la ASF en la Auditoría de Cumplimiento 2024-5-11O00-19-0113-2025, p. 8 (miles de pesos, convertidos a millones)",,https://www.asf.gob.mx/Trans/Informes/IR2024b/Documentos/Auditorias/2024_0113_a.pdf,10-10-2026
social,Atención a la Salud y Medicamentos Gratuitos para la Población sin Seguridad Social Laboral (IMSS-Bienestar),millones de pesos,2024,devengado,,pendiente,"La clave programática, el ramo y los montos de 2024 se tienen que cotejar en la Cuenta Pública 2024 antes de mostrarlos; la plataforma aún no lo ha hecho. Se cuidará no mezclar el programa con el presupuesto completo del organismo IMSS-Bienestar. La cifra que se mostraba antes (128,900 mdp) se retiró por no tener documento citado.",,https://www.cuentapublica.hacienda.gob.mx/es/CP/2024,10-10-2026
social,Programas sociales prioritarios (total),millones de pesos,2027,propuesto,1025388.5,oficial,"SHCP, Criterios Generales de Política Económica 2027 (Gaceta Parlamentaria 7121, 8-09-2026)",p. 33,https://gaceta.diputados.gob.mx/PDF/66/2026/sep/20260908-C.pdf,10-10-2026
ambiental,Costos por agotamiento y degradación ambiental,millones de pesos,2024,observado,1382214,oficial,"INEGI, CEEM 2024",,https://www.inegi.org.mx/contenidos/saladeprensa/boletines/2025/ee/CEEM2024_CP.pdf,10-10-2026
ambiental,Gasto en protección ambiental del sector público,millones de pesos,2024,observado,232882,oficial,"INEGI, CEEM 2024",,https://www.inegi.org.mx/contenidos/saladeprensa/boletines/2025/ee/CEEM2024_CP.pdf,10-10-2026
ambiental,Ramo 16 Medio Ambiente,millones de pesos,2026,aprobado,45564.1,oficial,"PEF 2026, DOF 21-11-2025","Anexo 1, DOF p. 32",https://www.diputados.gob.mx/LeyesBiblio/ref/pef_2026/PEF_2026_orig_21nov25.pdf,10-10-2026
ambiental,Ramo 16 Medio Ambiente,millones de pesos,2027,propuesto,49508.3,oficial,"SHCP, Proyecto de PEF 2027, datos abiertos",,https://www.transparenciapresupuestaria.gob.mx/work/models/PTP/DatosAbiertos/Bases_de_datos_presupuesto/XLSX/PPEF_2027.xlsx,10-10-2026
fiscalización,Monto por aclarar ante la ASF,millones de pesos,2024,cuenta pública,65169.1,oficial,"ASF, Matriz de Datos Básicos CP 2024 (feb. 2026)",p. 11,https://www.asf.gob.mx/Trans/Informes/IR2024c/Documentos/Matriz/MDB_Consolidado.pdf,10-10-2026
