archivo,estado_entrega,url,descarga_utc,descarga_cdmx,bytes,paginas_pdf,sha256
ASF_AIFA_CP2022_0342.pdf,original en Git,https://www.asf.gob.mx/Trans/Informes/IR2022c/Documentos/Auditorias/2022_0342_a.pdf,2026-09-28T02:49:13.141898+00:00,2026-09-27T20:49:13.141898-06:00,676123,36,39233514dccff696e3097e023df77df3db1d20b0888f84b6123bc89ceaf93d9b
ASF_Enciclomedia_CP2011_0395.pdf,original en Git,https://www.asf.gob.mx/Trans/Informes/IR2011i/Grupos/Desarrollo_Social/2011_0395_a.pdf,2026-09-28T02:49:13.140342+00:00,2026-09-27T20:49:13.140342-06:00,5738141,257,2e915eb2ec62a873635316a3ccb9444c61960224b4d0231472e94aa6b6eedc21
ASF_EstelaDeLuz_CP2011_0056.pdf,original en Git,https://www.asf.gob.mx/Trans/Informes/IR2011i/Grupos/Desarrollo_Social/2011_0056_a.pdf,2026-09-28T02:42:29.632274+00:00,2026-09-27T20:42:29.632274-06:00,939047,73,2083b1ece37a0bb31011d5ca06907fd5d79b541a7377c00b5c6b19fa034fd1db
ASF_PemexFertilizantes_CP2017_0492.pdf,original en Git,https://www.asf.gob.mx/Trans/Informes/IR2017c/Documentos/Auditorias/2017_0492_a.pdf,2026-09-28T02:42:29.069873+00:00,2026-09-27T20:42:29.069873-06:00,2328559,66,d1f61d814ce1e5dd1f2c4d2e291cddf7ba0b651e75e252a8fe163d51ce1527f5
ASF_RefineriaTula_CP2010_1115.pdf,original en Git,https://www.asf.gob.mx/Trans/Informes/IR2010i/Grupos/Desarrollo_Economico/2010_1115_a.pdf,2026-09-28T02:49:13.137455+00:00,2026-09-27T20:49:13.137455-06:00,154347,12,9097ef5cfdfb6dd4a9842feb5e6c3043fd408f0aff4dbfdb2248d7e65b05d635
BANXICO_InformeAnual1994.pdf,original en Git,https://www.banxico.org.mx/publicaciones-y-prensa/informes-anuales/%7B0F2D589F-92A4-9C48-C456-643595B46CE5%7D.pdf,2026-09-28T03:26:04.510398+00:00,2026-09-27T21:26:04.510398-06:00,593463,244,56044ed6d2e6f437bcb5ea69c4fb380d83abb4e86e82e23229bc0aff753651a2
BIRMEX_EstadosFinancieros2024.pdf,original en Git,https://www.cuentapublica.hacienda.gob.mx/work/models/CP/2024/tomo/VII/12NEF.05.DAR.pdf,2026-09-28T03:26:04.510398+00:00,2026-09-27T21:26:04.510398-06:00,245510,6,bb3ec2a2fd5c9fdc385e0b4ffe173dba33d069b0e265922c6d77df68cb0dc617
BIRMEX_EstadosFinancieros2025.pdf,original en Git,https://www.cuentapublica.hacienda.gob.mx/work/models/CP/2025/tomo/VII/12NEF.05.DAR.pdf,2026-09-28T03:26:04.512422+00:00,2026-09-27T21:26:04.512422-06:00,16189069,158,8e6ac20ea6c1d68bec52344cfdfef49255860048822d824d0b4ef22d9c689513
CDMX_CP2024_02CD01 AlcaldÍa Álvaro ObregÓn_02CD01_AO.pdf,enlace y copia local; mayor de 25 MB,https://servidoresx3.finanzas.cdmx.gob.mx/egresos/cp2024_25/documentos/003%23Tomo%20III%20Poder%20Ejecutivo/III.2%20Anexos/2.%20INFORMES%20POR%20URG/Alcald%C3%8DaS/02CD01%20Alcald%C3%8Da%20%C3%81lvaro%20Obreg%C3%93n/02CD01_AO.pdf,2026-09-28T11:49:24.219167+00:00,2026-09-28T05:49:24.219167-06:00,74257021,205,f4ff205b7e0bdd87b2d3962f965ae46e9965d8dc4241b9ac0b76f36e22347709
CDMX_CP2024_02CD02 AlcaldÍa Azcapotzalco_02CD02_AZC.pdf,enlace y copia local; mayor de 25 MB,https://servidoresx3.finanzas.cdmx.gob.mx/egresos/cp2024_25/documentos/003%23Tomo%20III%20Poder%20Ejecutivo/III.2%20Anexos/2.%20INFORMES%20POR%20URG/Alcald%C3%8DaS/02CD02%20Alcald%C3%8Da%20Azcapotzalco/02CD02_AZC.pdf,2026-09-28T11:49:24.221184+00:00,2026-09-28T05:49:24.221184-06:00,36053232,105,2ddb413f6e7fa9b2d9f1ca11756a4687135abf304c52026debb8daaca71f9b29
CDMX_CP2024_02CD03 AlcaldÍa Benito JuÁrez_02CD03_BJ.pdf,original en Git,https://servidoresx3.finanzas.cdmx.gob.mx/egresos/cp2024_25/documentos/003%23Tomo%20III%20Poder%20Ejecutivo/III.2%20Anexos/2.%20INFORMES%20POR%20URG/Alcald%C3%8DaS/02CD03%20Alcald%C3%8Da%20Benito%20Ju%C3%81rez/02CD03_BJ.pdf,2026-09-28T11:49:24.223511+00:00,2026-09-28T05:49:24.223511-06:00,14054883,120,6cf2da3f7b088787ce3ea440bd8a7ab0eba47a2ced2b26efe7362fda8709e882
CDMX_CP2024_02CD04 AlcaldÍa CoyoacÁn_02CD04_COY.pdf,enlace; descarga completa pendiente (mayor de 95 MB),https://servidoresx3.finanzas.cdmx.gob.mx/egresos/cp2024_25/documentos/003%23Tomo%20III%20Poder%20Ejecutivo/III.2%20Anexos/2.%20INFORMES%20POR%20URG/Alcald%C3%8DaS/02CD04%20Alcald%C3%8Da%20Coyoac%C3%81n/02CD04_COY.pdf,2026-09-28T11:49:24.225721+00:00,2026-09-28T05:49:24.225721-06:00,mayor de 95000000,,
CDMX_CP2024_02CD05 AlcaldÍa Cuajimalpa de Morelos_02CD05_CM.pdf,enlace y copia local; mayor de 25 MB,https://servidoresx3.finanzas.cdmx.gob.mx/egresos/cp2024_25/documentos/003%23Tomo%20III%20Poder%20Ejecutivo/III.2%20Anexos/2.%20INFORMES%20POR%20URG/Alcald%C3%8DaS/02CD05%20Alcald%C3%8Da%20Cuajimalpa%20de%20Morelos/02CD05_CM.pdf,2026-09-28T11:49:24.227487+00:00,2026-09-28T05:49:24.227487-06:00,32488058,89,9dfaaacbdb963a2488739ff9b93585b84a71a178d5367478b6599810d390cfab
CDMX_CP2024_02CD06 AlcaldÍa CuauhtÉmoc_02CD06_CUAUH.pdf,original en Git,https://servidoresx3.finanzas.cdmx.gob.mx/egresos/cp2024_25/documentos/003%23Tomo%20III%20Poder%20Ejecutivo/III.2%20Anexos/2.%20INFORMES%20POR%20URG/Alcald%C3%8DaS/02CD06%20Alcald%C3%8Da%20Cuauht%C3%89moc/02CD06_CUAUH.pdf,2026-09-28T11:49:28.988116+00:00,2026-09-28T05:49:28.988116-06:00,19189462,110,2aba351353c14a5305de0c5c7b68c9db74e7faa2cb84224a9cf1586704a38c91
CDMX_CP2024_02CD07 AlcaldÍa Gustavo A. Madero_02CD07_GAM.pdf,enlace y copia local; mayor de 25 MB,https://servidoresx3.finanzas.cdmx.gob.mx/egresos/cp2024_25/documentos/003%23Tomo%20III%20Poder%20Ejecutivo/III.2%20Anexos/2.%20INFORMES%20POR%20URG/Alcald%C3%8DaS/02CD07%20Alcald%C3%8Da%20Gustavo%20A.%20Madero/02CD07_GAM.pdf,2026-09-28T11:49:33.851389+00:00,2026-09-28T05:49:33.851389-06:00,59133069,152,14af4a783ef5dd60fcc9aa0076f2dc7039507ab8f3fed657794bf69ab4494b43
CDMX_CP2024_02CD08 AlcaldÍa Iztacalco_02CD08_IZTC.pdf,enlace y copia local; mayor de 25 MB,https://servidoresx3.finanzas.cdmx.gob.mx/egresos/cp2024_25/documentos/003%23Tomo%20III%20Poder%20Ejecutivo/III.2%20Anexos/2.%20INFORMES%20POR%20URG/Alcald%C3%8DaS/02CD08%20Alcald%C3%8Da%20Iztacalco/02CD08_IZTC.pdf,2026-09-28T11:49:33.972885+00:00,2026-09-28T05:49:33.972885-06:00,27319775,113,073c40bb5ab7ac594848797471961ef6a6dfe0825a8d6e2629d3c0bf13f0c229
CDMX_CP2024_02CD09 AlcaldÍa Iztapalapa_02CD09_IZTP.pdf,enlace y copia local; mayor de 25 MB,https://servidoresx3.finanzas.cdmx.gob.mx/egresos/cp2024_25/documentos/003%23Tomo%20III%20Poder%20Ejecutivo/III.2%20Anexos/2.%20INFORMES%20POR%20URG/Alcald%C3%8DaS/02CD09%20Alcald%C3%8Da%20Iztapalapa/02CD09_IZTP.pdf,2026-09-28T11:49:35.987732+00:00,2026-09-28T05:49:35.987732-06:00,31865473,118,146d47fb15af15f4bbf67038695bac7f2aca1c88000b9ae4c2c1b33a1b9b6211
CDMX_CP2024_02CD10 AlcaldÍa La Magdalena Contreras_02CD10_MC.pdf,original en Git,https://servidoresx3.finanzas.cdmx.gob.mx/egresos/cp2024_25/documentos/003%23Tomo%20III%20Poder%20Ejecutivo/III.2%20Anexos/2.%20INFORMES%20POR%20URG/Alcald%C3%8DaS/02CD10%20Alcald%C3%8Da%20La%20Magdalena%20Contreras/02CD10_MC.pdf,2026-09-28T11:49:41.253455+00:00,2026-09-28T05:49:41.253455-06:00,12006501,100,c84c569c00d3a950b8dde4f472c7bb764bea8b29a63f7757b598c6e51a90bae4
CDMX_CP2024_02CD11 AlcaldÍa Miguel Hidalgo_02CD11_MH.pdf,original en Git,https://servidoresx3.finanzas.cdmx.gob.mx/egresos/cp2024_25/documentos/003%23Tomo%20III%20Poder%20Ejecutivo/III.2%20Anexos/2.%20INFORMES%20POR%20URG/Alcald%C3%8DaS/02CD11%20Alcald%C3%8Da%20Miguel%20Hidalgo/02CD11_MH.pdf,2026-09-28T11:49:43.555575+00:00,2026-09-28T05:49:43.555575-06:00,18387267,117,8ef0289ff3f4efde02faded4e01662e371f570255289ab63a8eaad9150d23bb8
CDMX_CP2024_02CD12 AlcaldÍa Milpa Alta_02CD12_MA.pdf,enlace; descarga completa pendiente (mayor de 95 MB),https://servidoresx3.finanzas.cdmx.gob.mx/egresos/cp2024_25/documentos/003%23Tomo%20III%20Poder%20Ejecutivo/III.2%20Anexos/2.%20INFORMES%20POR%20URG/Alcald%C3%8DaS/02CD12%20Alcald%C3%8Da%20Milpa%20Alta/02CD12_MA.pdf,2026-09-28T11:49:46.387881+00:00,2026-09-28T05:49:46.387881-06:00,mayor de 95000000,,
CDMX_CP2024_02CD13 AlcaldÍa TlÁhuac_02CD13_TLH.pdf,original en Git,https://servidoresx3.finanzas.cdmx.gob.mx/egresos/cp2024_25/documentos/003%23Tomo%20III%20Poder%20Ejecutivo/III.2%20Anexos/2.%20INFORMES%20POR%20URG/Alcald%C3%8DaS/02CD13%20Alcald%C3%8Da%20Tl%C3%81huac/02CD13_TLH.pdf,2026-09-28T11:49:47.448814+00:00,2026-09-28T05:49:47.448814-06:00,23320679,100,10c9e28e2a01f4f09a6bb55c47a26d5610816c0f8608517ea98a42077fa127f1
CDMX_CP2024_02CD14 AlcaldÍa Tlalpan_02CD14_TLP.pdf,enlace y copia local; mayor de 25 MB,https://servidoresx3.finanzas.cdmx.gob.mx/egresos/cp2024_25/documentos/003%23Tomo%20III%20Poder%20Ejecutivo/III.2%20Anexos/2.%20INFORMES%20POR%20URG/Alcald%C3%8DaS/02CD14%20Alcald%C3%8Da%20Tlalpan/02CD14_TLP.pdf,2026-09-28T11:49:47.517335+00:00,2026-09-28T05:49:47.517335-06:00,50630123,131,63c13d598598589b15ab9e4ae4c4dbb3952703681bbf0fa1f697dc812db11436
CDMX_CP2024_02CD15 AlcaldÍa Venustiano Carranza_02CD15_VC.pdf,original en Git,https://servidoresx3.finanzas.cdmx.gob.mx/egresos/cp2024_25/documentos/003%23Tomo%20III%20Poder%20Ejecutivo/III.2%20Anexos/2.%20INFORMES%20POR%20URG/Alcald%C3%8DaS/02CD15%20Alcald%C3%8Da%20Venustiano%20Carranza/02CD15_VC.pdf,2026-09-28T11:49:52.392742+00:00,2026-09-28T05:49:52.392742-06:00,22327957,122,c272b75af295938bb74cf341bc4d3ac1cad8c24e089b80b60813b1e63b94c779
CDMX_CP2024_02CD16  AlcaldÍa Xochimilco_02CD16_XOCH.pdf,enlace y copia local; mayor de 25 MB,https://servidoresx3.finanzas.cdmx.gob.mx/egresos/cp2024_25/documentos/003%23Tomo%20III%20Poder%20Ejecutivo/III.2%20Anexos/2.%20INFORMES%20POR%20URG/Alcald%C3%8DaS/02CD16%20%20Alcald%C3%8Da%20Xochimilco/02CD16_XOCH.pdf,2026-09-28T11:49:53.267715+00:00,2026-09-28T05:49:53.267715-06:00,42950804,188,8a0adfb133d4eb89205f117576eaa93223266a7a06b90f02864a5abb6370da0a
CDMX_Constitucion_14_2_2.pdf,original en Git,https://data.consejeria.cdmx.gob.mx/images/leyes/estatutos/CONSTITUCION_POLITICA_DE_LA_CDMX_14.2.2.pdf,2026-09-28T01:31:56.478018+00:00,2026-09-27T19:31:56.478018-06:00,881570,179,2b4c4e4ae38c4332ff7c1a0c7b62db1f0ca7bc06bd0b9b88ea080b9d9f094da8
CDMX_CuentaPublica2024_TomoI.pdf,original en Git,https://servidoresx3.finanzas.cdmx.gob.mx/egresos/cp2024_25/documentos/001%23Tomo%20I%20Resultados%20Generales/CP2024_TI.pdf,2026-09-28T03:50:20.302664+00:00,2026-09-27T21:50:20.302664-06:00,1919555,90,661bc4dedc6637408eb0ec02b23174097f7e48bbe8e659d317269993183c51cc
CDMX_LeyOrganicaAlcaldias_6_2.pdf,original en Git,https://data.consejeria.cdmx.gob.mx//images/leyes/LEY_ORGANICA_DE_ALCALDIAS_DE_LA_CDMX_6.2.pdf,2026-09-28T01:31:08.177958+00:00,2026-09-27T19:31:08.177958-06:00,630697,76,69c7351bdf9f149fc94de36cf3787ca91c7041307211a8f0d3aa93fac63919fb
CONAPO_PoblacionMitad_1950_2070.csv,enlace y copia local; mayor de 25 MB,https://repodatos.atdt.gob.mx/CONAPO/proyecciones/00_Pob_Mitad_1950_2070.csv,2026-09-28T02:45:43.619148+00:00,2026-09-27T20:45:43.619148-06:00,45228748,,89db6adc7930965fb5b5c01ad3a98765ed90afa6a151c2cfb913acc2b9e0cac6
Guanajuato_Congreso_Tabulador2026.pdf,original en Git,https://congreso-gto.s3.amazonaws.com/transparencia/TABULADOR_DE_SUELDOS_2026.pdf,2026-09-28T02:49:13.134570+00:00,2026-09-27T20:49:13.134570-06:00,317256,1,e83c076abe51397de41eef1703435b3793c50ace5f9f813085ae93b132ff86e0
INEGI_EHM2014_EconomiaAgregada.pdf,original en Git,https://www.inegi.org.mx/contenidos/productos/prod_serv/contenidos/espanol/bvinegi/productos/nueva_estruc/HyM2014/8.%20Informacion%20economica%20agregada.pdf,2026-09-28T04:12:50.799994+00:00,2026-09-27T22:12:50.799994-06:00,1030922,91,e454376e67522481ef7ba88c190f38acc8f75367332a2f74f88cc9f7230b3009
INEGI_EHM2014_Salud.pdf,original en Git,https://www.inegi.org.mx/contenidos/productos/prod_serv/contenidos/espanol/bvinegi/productos/nueva_estruc/HyM2014/4.%20Salud.pdf,2026-09-28T04:12:50.801073+00:00,2026-09-27T22:12:50.801073-06:00,955534,128,1dd827015e650c68794e56d41ee54df5eedf8846d58a9243271df453203dc918
INEGI_EHM2014_Trabajo.pdf,original en Git,https://www.inegi.org.mx/contenidos/productos/prod_serv/contenidos/espanol/bvinegi/productos/nueva_estruc/HyM2014/5.%20Trabajo.pdf,2026-09-28T04:12:50.797909+00:00,2026-09-27T22:12:50.797909-06:00,1018964,36,cfff777cfe14ae66a0882ec81510db5e535dafd5546809dc5b5cf7866486eadf
INEGI_EstadisticasHistoricasMexico2014.pdf,original en Git,https://www.inegi.org.mx/contenidos/productos/prod_serv/contenidos/espanol/bvinegi/productos/nueva_estruc/HyM2014/EHM2014.pdf,2026-09-28T02:49:13.144904+00:00,2026-09-27T20:49:13.144904-06:00,2511295,40,08175be1c75d48878deb1984addba49361a0f8f4871a576d2d80f5b83d1e3084
PEMEX_TRI_EstadosFinancieros2024.pdf,original en Git,https://www.cuentapublica.hacienda.gob.mx/work/models/CP/2024/tomo/VIII/52T9M.05.DAR.pdf,2026-09-28T02:42:29.067848+00:00,2026-09-27T20:42:29.067848-06:00,14090651,191,b326741b89e7ad809fe17df118e400a20e70d1e79f49ea7b9350d1218a38a90d
PEMEX_TRI_EstadosFinancieros2025.pdf,original en Git,https://www.cuentapublica.hacienda.gob.mx/work/models/CP/2025/tomo/VIII/52T9M.05.DAR.pdf,2026-09-28T03:26:04.514476+00:00,2026-09-27T21:26:04.514476-06:00,57748,1,9a2783ddddf07a96b569d6f53781a4de7e93bb4a3cf6bc706455766e7192d457
Presidencia_SegundoInformeGobierno2026.pdf,original en Git,https://www.segundoinformedegobierno.gob.mx/gmx_media/2-ig-informe-consolidado-final_01_09_2026,2026-09-28T03:48:30.095269+00:00,2026-09-27T21:48:30.095269-06:00,14434389,1342,cc95e5ade7cb306b734e9dc1e61e1defcba14c444e5705de24be6ca6e115fa9d
SAT_PadronPorTipoContribuyente.csv,original en Git,https://repodatos.atdt.gob.mx/api_update/sat/padron/portipocontribuyente.csv,2026-09-28T02:45:43.851263+00:00,2026-09-27T20:45:43.851263-06:00,17226,,5be8c25ace814cb9af43cfba0ebbe303b613dfecbd0f5ff04575e18c33fc7e5a
SAT_PadronSituacionRFC.csv,original en Git,https://repodatos.atdt.gob.mx/api_update/sat/padron/porsitrfc21.csv,2026-09-28T02:45:43.880697+00:00,2026-09-27T20:45:43.880697-06:00,10624,,062847fd0a575b02411487438018e36ce8bd3927789760954a1426938589a6a5
SCT_TrenInterurbano_LibroBlanco2018.pdf,original en Git,https://micrs.sct.gob.mx/images/DireccionesGrales/UE/Transparencia/rendicion-de-cuentas/LB/20_LB.pdf,2026-09-28T04:12:50.801073+00:00,2026-09-27T22:12:50.801073-06:00,1084066,163,4f5818c77fbea26e015284edf97f8ee5624fe1ef0319880202e109277ed39a48
SHCP_IPAB_DeudaPublica_4T2025.pdf,original en Git,https://www.finanzaspublicas.hacienda.gob.mx/work/models/Finanzas_Publicas/docs/congreso/infotrim/2025/ivt/05adp/itandpdc_202504.pdf,2026-09-28T01:31:08.177079+00:00,2026-09-27T19:31:08.177079-06:00,1017764,50,51a632d59c855ae50c994eafdc40a645fa91237c36faad27108fefd07e39e732
