"ejercicio","mes","activos","suspendidos","cancelados"
"2010","Enero","28369038.0","5525611.0","271774.0"
"2010","Febrero","28761233.0","5545614.0","272067.0"
"2010","Marzo","29399923.0","5556259.0","276951.0"
"2010","Abril","29806869.0","5575360.0","280854.0"
"2010","Mayo","30382958.0","5566904.0","284841.0"
"2010","Junio","30873431.0","5556880.0","287710.0"
"2010","Julio","31328940.0","5545021.0","289737.0"
"2010","Agosto","31591124.0","5534256.0","291352.0"
"2010","Septiembre","31985082.0","5495077.0","293718.0"
"2010","Octubre","32576715.0","5436400.0","298058.0"
"2010","Noviembre","32971844.0","5390436.0","312709.0"
"2010","Diciembre","33468711.0","5102726.0","320234.0"
"2011","Enero","33579842.0","5144294.0","322388.0"
"2011","Febrero","33811854.0","5130874.0","324306.0"
"2011","Marzo","34104166.0","5126280.0","326478.0"
"2011","Abril","34362162.0","5116722.0","329719.0"
"2011","Mayo","34695561.0","5106547.0","332073.0"
"2011","Junio","35105933.0","5094674.0","334911.0"
"2011","Julio","35467138.0","5086175.0","337392.0"
"2011","Agosto","35786675.0","5076409.0","339621.0"
"2011","Septiembre","36196509.0","5053594.0","343102.0"
"2011","Octubre","36533609.0","5065135.0","348046.0"
"2011","Noviembre","36806758.0","5082741.0","350875.0"
"2011","Diciembre","36980257.0","5001413.0","353120.0"
"2012","Enero","37037179.0","5048684.0","356294.0"
"2012","Febrero","37137585.0","5064579.0","358805.0"
"2012","Marzo","37213673.0","5076232.0","375293.0"
"2012","Abril","37296844.0","5090400.0","378068.0"
"2012","Mayo","37397195.0","5102523.0","381544.0"
"2012","Junio","37531005.0","5116572.0","390266.0"
"2012","Julio","37718110.0","5141141.0","399697.0"
"2012","Agosto","37867624.0","5160045.0","408411.0"
"2012","Septiembre","37987432.0","5176387.0","456317.0"
"2012","Octubre","38150581.0","5193565.0","469066.0"
"2012","Noviembre","38389401.0","5205491.0","472962.0"
"2012","Diciembre","38473767.0","5214410.0","475432.0"
"2013","Enero","38598647.0","5254436.0","478313.0"
"2013","Febrero","38773043.0","5263993.0","481702.0"
"2013","Marzo","38948243.0","5273349.0","486481.0"
"2013","Abril","39165582.0","5231102.0","491973.0"
"2013","Mayo","39257605.0","5251756.0","497395.0"
"2013","Junio","39477815.0","5261344.0","502162.0"
"2013","Julio","39671845.0","5278950.0","512752.0"
"2013","Agosto","40093054.0","5295346.0","522592.0"
"2013","Septiembre","40630086.0","5312120.0","531863.0"
"2013","Octubre","40857940.0","5350601.0","544777.0"
"2013","Noviembre","41399113.0","5366149.0","551999.0"
"2013","Diciembre","41659149.0","5396616.0","565440.0"
"2014","Enero","41970904.0","5472909.0","565489.0"
"2014","Febrero","42395415.0","5510886.0","565532.0"
"2014","Marzo","42770394.0","5536891.0","566243.0"
"2014","Abril","43108651.0","5552980.0","569048.0"
"2014","Mayo","43442613.0","5568036.0","576119.0"
"2014","Junio","43752747.0","5582025.0","582443.0"
"2014","Julio","44091744.0","5595850.0","589247.0"
"2014","Agosto","44520344.0","5612545.0","595250.0"
"2014","Septiembre","44932585.0","5629719.0","600743.0"
"2014","Octubre","45358508.0","5644290.0","607940.0"
"2014","Noviembre","45727822.0","5666198.0","613827.0"
"2014","Diciembre","46295553.0","5686262.0","618590.0"
"2015","Enero","47073146.0","5735408.0","629779.0"
"2015","Febrero","47736615.0","5740321.0","637698.0"
"2015","Marzo","48123875.0","5751767.0","648671.0"
"2015","Abril","48551630.0","5751099.0","658875.0"
"2015","Mayo","49238584.0","5761385.0","666479.0"
"2015","Junio","49619966.0","5769360.0","674446.0"
"2015","Julio","49906396.0","5954739.0","681961.0"
"2015","Agosto","50306397.0","5964937.0","689128.0"
"2015","Septiembre","50661259.0","5980115.0","696608.0"
"2015","Octubre","51013531.0","5994825.0","703989.0"
"2015","Noviembre","51331510.0","6011556.0","709930.0"
"2015","Diciembre","51582845.0","6027306.0","714649.0"
"2016","Enero","51801778.0","6158755.0","723068.0"
"2016","Febrero","51854319.0","6466417.0","732734.0"
"2016","Marzo","51909738.0","6723003.0","740128.0"
"2016","Abril","52601920.0","6730298.0","749247.0"
"2016","Mayo","52736155.0","6953738.0","758114.0"
"2016","Junio","53301858.0","6968386.0","766176.0"
"2016","Julio","53585310.0","7002332.0","772821.0"
"2016","Agosto","54187828.0","7023583.0","780626.0"
"2016","Septiembre","54738719.0","7044856.0","787348.0"
"2016","Octubre","55184007.0","7063710.0","794009.0"
"2016","Noviembre","55738153.0","7087424.0","799985.0"
"2016","Diciembre","56794640.0","7095685.0","806174.0"
"2017","Enero","58076266.0","7118008.0","816630.0"
"2017","Febrero","58726797.0","7121019.0","825570.0"
"2017","Marzo","59454023.0","7131081.0","835560.0"
"2017","Abril","60414923.0","7134558.0","843607.0"
"2017","Mayo","60960095.0","7141971.0","853720.0"
"2017","Junio","61579507.0","7147988.0","864328.0"
"2017","Julio","61988686.0","7160903.0","873677.0"
"2017","Agosto","62635834.0","7167843.0","883977.0"
"2017","Septiembre","63031940.0","7179581.0","891971.0"
"2017","Octubre","63617904.0","7188438.0","900030.0"
"2017","Noviembre","64405150.0","7198640.0","907440.0"
"2017","Diciembre","64672335.0","7206555.0","914016.0"
"2018","Enero","65153457.0","7230553.0","921347.0"
"2018","Febrero","65831083.0","7235527.0","929683.0"
"2018","Marzo","66137130.0","7244037.0","937148.0"
"2018","Abril","66551144.0","7247066.0","946173.0"
"2018","Mayo","67023486.0","7252431.0","956272.0"
"2018","Junio","68447733.0","7281168.0","966891.0"
"2018","Julio","69190695.0","7271021.0","975843.0"
"2018","Agosto","69614780.0","7274630.0","985205.0"
"2018","Septiembre","70540892.0","7284116.0","993267.0"
"2018","Octubre","71008386.0","7349800.0","1002714.0"
"2018","Noviembre","71207005.0","7419518.0","1009947.0"
"2018","Diciembre","71795905.0","7443060.0","1015857.0"
"2019","Enero","72337237.0","7471754.0","1022180.0"
"2019","Febrero","72711380.0","7481167.0","1029527.0"
"2019","Marzo","73092406.0","7489445.0","1038071.0"
"2019","Abril","73468531.0","7513954.0","1046045.0"
"2019","Mayo","73922613.0","7520213.0","1057238.0"
"2019","Junio","74497599.0","7546651.0","1067544.0"
"2019","Julio","75101207.0","7577740.0","1077184.0"
"2019","Agosto","75746856.0","7585422.0","1085959.0"
"2019","Septiembre","76279471.0","7592700.0","1094858.0"
"2019","Octubre","76789678.0","7618746.0","1104912.0"
"2019","Noviembre","77221281.0","7663620.0","1113324.0"
"2019","Diciembre","77442561.0","7685724.0","1119739.0"
"2020","Enero","77706166.0","7723964.0","1126805.0"
"2020","Febrero","78099153.0","7725463.0","1135599.0"
"2020","Marzo","78360839.0","7758055.0","1142357.0"
"2020","Abril","78470475.0","7761682.0","1143888.0"
"2020","Mayo","78595530.0","7773268.0","1144802.0"
"2020","Junio","78764187.0","7801718.0","1146266.0"
"2020","Julio","78963137.0","7816914.0","1148568.0"
"2020","Agosto","79163535.0","7826357.0","1150976.0"
"2020","Septiembre","79659718.0","7861046.0","1155536.0"
"2020","Octubre","79855872.0","7868708.0","1161948.0"
"2020","Noviembre","80044868.0","7918092.0","1167050.0"
"2020","Diciembre","79756507.0","8395872.0","1170649.0"
"2021","Enero","79918870.0","8422526.0","1171892.0"
"2021","Febrero","80136246.0","8433460.0","1175079.0"
"2021","Marzo","78883432.0","9984403.0","1179985.0"
"2021","Abril","79101086.0","9979433.0","1184250.0"
"2021","Mayo","79300792.0","9982544.0","1189128.0"
"2021","Junio","79515421.0","9986946.0","1194739.0"
"2021","Julio","79748454.0","9993634.0","1200373.0"
"2021","Agosto","80145431.0","9998049.0","1206605.0"
"2021","Septiembre","80349214.0","10008951.0","1211574.0"
"2021","Octubre","80591556.0","10011598.0","1217646.0"
"2021","Noviembre","80704478.0","10016572.0","1223164.0"
"2021","Diciembre","80734696.0","10022357.0","1227991.0"
"2022","Enero","80780732.0","10048426.0","1233290.0"
"2022","Febrero","80875957.0","10055475.0","1236998.0"
"2022","Marzo","80974309.0","10058517.0","1242052.0"
"2022","Abril","81049225.0","10045942.0","1249268.0"
"2022","Mayo","81141532.0","10028603.0","1255722.0"
"2022","Junio","81238444.0","10003977.0","1262631.0"
"2022","Julio","81352032.0","9999550.0","1268759.0"
"2022","Agosto","81543658.0","9994792.0","1275942.0"
"2022","Septiembre","81724225.0","9996555.0","1281920.0"
"2022","Octubre","81928144.0","9992643.0","1288564.0"
"2022","Noviembre","82113464.0","9985379.0","1295985.0"
"2022","Diciembre","82235434.0","9984664.0","1302534.0"
"2023","Enero","82455265.0","9995653.0","1310648.0"
"2023","Febrero","82670348.0","9992755.0","1318182.0"
"2023","Marzo","82889240.0","9986479.0","1327349.0"
"2023","Abril","83039220.0","9979474.0","1334969.0"
"2023","Mayo","83243631.0","9980298.0","1342644.0"
"2023","Junio","83450092.0","9976467.0","1351394.0"
"2023","Julio","83659123.0","9968225.0","1359142.0"
"2023","Agosto","83898836.0","9957959.0","1367932.0"
"2023","Septiembre","84131176.0","9951815.0","1374437.0"
"2023","Octubre","84352272.0","9945468.0","1383075.0"
"2023","Noviembre","84520644.0","9949487.0","1390279.0"
"2023","Diciembre","84640752.0","9952807.0","1394670.0"
"2024","Enero","84841600.0","9963882.0","1401831.0"
"2024","Febrero","85028074.0","9965497.0","1408886.0"
"2024","Marzo","85191779.0","9969699.0","1415261.0"
"2024","Abril","85325861.0","9968944.0","1423567.0"
"2024","Mayo","85533185.0","9971729.0","1431628.0"
"2024","Junio","85742222.0","9973689.0","1439073.0"
"2024","Julio","85986614.0","9975758.0","1448594.0"
"2024","Agosto","86198550.0","9973573.0","1456720.0"
"2024","Septiembre","86393754.0","9974932.0","1462818.0"
"2024","Octubre","86618811.0","9975563.0","1469433.0"
"2024","Noviembre","86799160.0","9973386.0","1475342.0"
"2024","Diciembre","86923933.0","9980602.0","1480391.0"
"2025","Enero","87137160.0","9992739.0","1486353.0"
"2025","Febrero","87332468.0","9986079.0","1492098.0"
"2025","Marzo","87493845.0","9988387.0","1498136.0"
"2025","Abril","86260602.0","9899061.0","2959835.0"
"2025","Mayo","86420481.0","9897662.0","2965623.0"
"2025","Junio","86610641.0","9898448.0","2971872.0"
"2025","Julio","86843269.0","9896805.0","2978843.0"
"2025","Agosto","87066813.0","9899019.0","2985036.0"
"2025","Septiembre","87262972.0","9898409.0","2990668.0"
"2025","Octubre","87469481.0","9897029.0","2996951.0"
"2025","Noviembre","87635406.0","9895319.0","3001642.0"
"2025","Diciembre","87773627.0","9900125.0","3005587.0"
"2026","Enero","87962271.0","9915057.0","3010697.0"
"2026","Febrero","88135180.0","9915102.0","3015608.0"
"2026","Marzo","87993034.0","9888977.0","3364453.0"
"2026","Abril","88085311.0","9892478.0","3369995.0"