"ejercicio","mes","personas_fisicas","grandes_contribuyentes_pf","asalariados_pf","personas_morales","grandes_contribuyentes_pm","total"
"2010","Enero","10587312.0","4.0","16562605.0","1205310.0","13807.0","28369038.0"
"2010","Febrero","10659752.0","4.0","16872183.0","1215439.0","13855.0","28761233.0"
"2010","Marzo","10696249.0","0.0","17459736.0","1229851.0","14087.0","29399923.0"
"2010","Abril","10710933.0","0.0","17843835.0","1237652.0","14449.0","29806869.0"
"2010","Mayo","10734540.0","0.0","18388068.0","1245800.0","14550.0","30382958.0"
"2010","Junio","10856265.0","0.0","18748749.0","1253783.0","14634.0","30873431.0"
"2010","Julio","11029473.0","0.0","19022557.0","1262203.0","14707.0","31328940.0"
"2010","Agosto","11062628.0","0.0","19245889.0","1267866.0","14741.0","31591124.0"
"2010","Septiembre","11099061.0","2.0","19596320.0","1274792.0","14907.0","31985082.0"
"2010","Octubre","11156726.0","2.0","20122741.0","1282332.0","14914.0","32576715.0"
"2010","Noviembre","11191990.0","3.0","20474701.0","1290202.0","14948.0","32971844.0"
"2010","Diciembre","11572210.0","2.0","20580970.0","1301284.0","14245.0","33468711.0"
"2011","Enero","11571448.0","2.0","20686083.0","1307398.0","14911.0","33579842.0"
"2011","Febrero","11604465.0","2.0","20874375.0","1317948.0","15064.0","33811854.0"
"2011","Marzo","11348066.0","2.0","21413497.0","1327395.0","15206.0","34104166.0"
"2011","Abril","11368121.0","2.0","21644622.0","1334611.0","14806.0","34362162.0"
"2011","Mayo","11380194.0","2.0","21958626.0","1341428.0","15311.0","34695561.0"
"2011","Junio","11418944.0","4.0","22322292.0","1349226.0","15467.0","35105933.0"
"2011","Julio","11630740.0","4.0","22463116.0","1357664.0","15614.0","35467138.0"
"2011","Agosto","11682052.0","5.0","22722755.0","1366179.0","15684.0","35786675.0"
"2011","Septiembre","11856792.0","8.0","22949356.0","1374560.0","15793.0","36196509.0"
"2011","Octubre","11967090.0","9.0","23168258.0","1382339.0","15913.0","36533609.0"
"2011","Noviembre","12049126.0","10.0","23351825.0","1389817.0","15980.0","36806758.0"
"2011","Diciembre","12068522.0","11.0","23500337.0","1395392.0","15995.0","36980257.0"
"2012","Enero","12086798.0","17.0","23531445.0","1403401.0","15518.0","37037179.0"
"2012","Febrero","12109594.0","21.0","23599599.0","1412774.0","15597.0","37137585.0"
"2012","Marzo","12126813.0","24.0","23649545.0","1421534.0","15757.0","37213673.0"
"2012","Abril","12147511.0","24.0","23704936.0","1428563.0","15810.0","37296844.0"
"2012","Mayo","12178974.0","24.0","23765556.0","1436290.0","16351.0","37397195.0"
"2012","Junio","12205284.0","29.0","23865977.0","1443097.0","16618.0","37531005.0"
"2012","Julio","12303339.0","33.0","23947145.0","1451166.0","16427.0","37718110.0"
"2012","Agosto","12327589.0","34.0","24064491.0","1459064.0","16446.0","37867624.0"
"2012","Septiembre","12351564.0","35.0","24153355.0","1466228.0","16250.0","37987432.0"
"2012","Octubre","12381996.0","36.0","24278032.0","1474210.0","16307.0","38150581.0"
"2012","Noviembre","12429264.0","37.0","24462773.0","1480966.0","16361.0","38389401.0"
"2012","Diciembre","12442992.0","38.0","24527458.0","1486873.0","16406.0","38473767.0"
"2013","Enero","12485385.0","39.0","24602689.0","1494412.0","16122.0","38598647.0"
"2013","Febrero","12523463.0","39.0","24730833.0","1502552.0","16156.0","38773043.0"
"2013","Marzo","12570269.0","41.0","24849233.0","1512556.0","16144.0","38948243.0"
"2013","Abril","12598726.0","43.0","25028280.0","1522279.0","16254.0","39165582.0"
"2013","Mayo","12624904.0","47.0","25085322.0","1530597.0","16735.0","39257605.0"
"2013","Junio","12758915.0","49.0","25163385.0","1538679.0","16787.0","39477815.0"
"2013","Julio","12865740.0","52.0","25242461.0","1546776.0","16816.0","39671845.0"
"2013","Agosto","13169289.0","53.0","25352628.0","1554199.0","16885.0","40093054.0"
"2013","Septiembre","13572401.0","59.0","25479681.0","1561037.0","16908.0","40630086.0"
"2013","Octubre","13679280.0","60.0","25593125.0","1568650.0","16825.0","40857940.0"
"2013","Noviembre","14141233.0","60.0","25664761.0","1576255.0","16804.0","41399113.0"
"2013","Diciembre","14277908.0","60.0","25781974.0","1582582.0","16625.0","41659149.0"
"2014","Enero","14483685.0","62.0","25882217.0","1588195.0","16745.0","41970904.0"
"2014","Febrero","14810632.0","64.0","25969781.0","1598205.0","16733.0","42395415.0"
"2014","Marzo","15094734.0","66.0","26052770.0","1606236.0","16588.0","42770394.0"
"2014","Abril","15290849.0","66.0","26186571.0","1614575.0","16590.0","43108651.0"
"2014","Mayo","15483205.0","66.0","26318809.0","1623988.0","16545.0","43442613.0"
"2014","Junio","15657162.0","67.0","26445957.0","1632622.0","16939.0","43752747.0"
"2014","Julio","15996600.0","70.0","26437104.0","1641199.0","16771.0","44091744.0"
"2014","Agosto","16019281.0","70.0","26835693.0","1648551.0","16749.0","44520344.0"
"2014","Septiembre","16212910.0","69.0","27047056.0","1655820.0","16730.0","44932585.0"
"2014","Octubre","16446298.0","69.0","27231412.0","1664052.0","16677.0","45358508.0"
"2014","Noviembre","16575575.0","69.0","27465552.0","1669986.0","16640.0","45727822.0"
"2014","Diciembre","16807965.0","69.0","27795381.0","1675028.0","17110.0","46295553.0"
"2015","Enero","17342084.0","6581.0","28028773.0","1681384.0","14324.0","47073146.0"
"2015","Febrero","17821757.0","7466.0","28204417.0","1688694.0","14281.0","47736615.0"
"2015","Marzo","18031288.0","8769.0","28372356.0","1697248.0","14214.0","48123875.0"
"2015","Abril","18277159.0","9563.0","28546368.0","1701814.0","16726.0","48551630.0"
"2015","Mayo","18816414.0","10179.0","28686333.0","1709072.0","16586.0","49238584.0"
"2015","Junio","18984780.0","11237.0","28890589.0","1716842.0","16518.0","49619966.0"
"2015","Julio","18980579.0","13006.0","29172421.0","1723878.0","16512.0","49906396.0"
"2015","Agosto","19222393.0","13621.0","29323924.0","1730133.0","16326.0","50306397.0"
"2015","Septiembre","19426786.0","14073.0","29467445.0","1736704.0","16251.0","50661259.0"
"2015","Octubre","19628644.0","14538.0","29610868.0","1743490.0","15991.0","51013531.0"
"2015","Noviembre","19805680.0","14935.0","29745095.0","1757222.0","8578.0","51331510.0"
"2015","Diciembre","19942949.0","15366.0","29855002.0","1763655.0","5873.0","51582845.0"
"2016","Enero","20019124.0","15807.0","29991766.0","1766605.0","8476.0","51801778.0"
"2016","Febrero","19938723.0","16405.0","30117302.0","1773165.0","8724.0","51854319.0"
"2016","Marzo","19886645.0","16938.0","30217467.0","1779873.0","8815.0","51909738.0"
"2016","Abril","20414660.0","17520.0","30374466.0","1786082.0","9192.0","52601920.0"
"2016","Mayo","18985352.0","18163.0","31930255.0","1793403.0","8982.0","52736155.0"
"2016","Junio","19417605.0","15331.0","32058575.0","1802092.0","8255.0","53301858.0"
"2016","Julio","19588849.0","16961.0","32162714.0","1807990.0","8796.0","53585310.0"
"2016","Agosto","20063100.0","16215.0","32284078.0","1815737.0","8698.0","54187828.0"
"2016","Septiembre","20490190.0","16621.0","32400350.0","1822870.0","8688.0","54738719.0"
"2016","Octubre","20825930.0","16979.0","32502636.0","1829778.0","8684.0","55184007.0"
"2016","Noviembre","21282595.0","17518.0","32592620.0","1836737.0","8683.0","55738153.0"
"2016","Diciembre","22222004.0","18041.0","32702983.0","1843027.0","8585.0","56794640.0"
"2017","Enero","22622619.0","18734.0","33576955.0","1847972.0","9986.0","58076266.0"
"2017","Febrero","22990052.0","19467.0","33851514.0","1855795.0","9969.0","58726797.0"
"2017","Marzo","23491910.0","20331.0","34067017.0","1864762.0","10003.0","59454023.0"
"2017","Abril","24257810.0","21017.0","34254964.0","1871125.0","10007.0","60414923.0"
"2017","Mayo","24627262.0","21780.0","34422342.0","1878702.0","10009.0","60960095.0"
"2017","Junio","25068160.0","22460.0","34592431.0","1886498.0","9958.0","61579507.0"
"2017","Julio","25325279.0","23030.0","34736590.0","1893836.0","9951.0","61988686.0"
"2017","Agosto","23170299.0","20482.0","37533197.0","1901903.0","9953.0","62635834.0"
"2017","Septiembre","23448512.0","21158.0","37643487.0","1908835.0","9948.0","63031940.0"
"2017","Octubre","23905997.0","21904.0","37763032.0","1917031.0","9940.0","63617904.0"
"2017","Noviembre","24594101.0","22599.0","37853802.0","1924723.0","9925.0","64405150.0"
"2017","Diciembre","24780762.0","23205.0","37926366.0","1932287.0","9715.0","64672335.0"
"2018","Enero","25137538.0","24458.0","38042108.0","1940466.0","8887.0","65153457.0"
"2018","Febrero","25717575.0","25601.0","38130399.0","1948623.0","8885.0","65831083.0"
"2018","Marzo","25930314.0","26600.0","38215589.0","1955758.0","8869.0","66137130.0"
"2018","Abril","26239222.0","27451.0","38314784.0","1960451.0","9236.0","66551144.0"
"2018","Mayo","26603453.0","27402.0","38413112.0","1969967.0","9552.0","67023486.0"
"2018","Junio","27918395.0","29400.0","38511412.0","1978332.0","10194.0","68447733.0"
"2018","Julio","25983178.0","26043.0","41165988.0","2005974.0","9512.0","69190695.0"
"2018","Agosto","26303507.0","31432.0","41255409.0","2015347.0","9085.0","69614780.0"
"2018","Septiembre","27129341.0","32403.0","41347186.0","2022926.0","9036.0","70540892.0"
"2018","Octubre","27507463.0","33331.0","41427231.0","2031226.0","9135.0","71008386.0"
"2018","Noviembre","27650670.0","33561.0","41475605.0","2038037.0","9132.0","71207005.0"
"2018","Diciembre","28198662.0","34131.0","41510280.0","2043880.0","8952.0","71795905.0"
"2019","Enero","28665495.0","34429.0","41578663.0","2049713.0","8937.0","72337237.0"
"2019","Febrero","28977804.0","34972.0","41632722.0","2056954.0","8928.0","72711380.0"
"2019","Marzo","29302112.0","35575.0","41680925.0","2064942.0","8852.0","73092406.0"
"2019","Abril","29629392.0","36417.0","41723698.0","2069730.0","9294.0","73468531.0"
"2019","Mayo","29984805.0","36754.0","41812135.0","2079769.0","9150.0","73922613.0"
"2019","Junio","30503193.0","36984.0","41860358.0","2088006.0","9058.0","74497599.0"
"2019","Julio","31049353.0","38139.0","41907838.0","2096824.0","9053.0","75101207.0"
"2019","Agosto","31567689.0","38318.0","42026587.0","2105117.0","9145.0","75746856.0"
"2019","Septiembre","30392033.0","39914.0","43725675.0","2112709.0","9140.0","76279471.0"
"2019","Octubre","29243941.0","37083.0","45378390.0","2121132.0","9132.0","76789678.0"
"2019","Noviembre","29653725.0","37212.0","45392605.0","2128608.0","9131.0","77221281.0"
"2019","Diciembre","29686573.0","37725.0","45574264.0","2135185.0","8814.0","77442561.0"
"2020","Enero","29902243.0","38820.0","45613917.0","2142305.0","8881.0","77706166.0"
"2020","Febrero","29921199.0","39281.0","45979905.0","2149898.0","8870.0","78099153.0"
"2020","Marzo","30165111.0","40531.0","45991378.0","2155018.0","8801.0","78360839.0"
"2020","Abril","29847959.0","39633.0","46418105.0","2155987.0","8791.0","78470475.0"
"2020","Mayo","29948893.0","40495.0","46439874.0","2157440.0","8828.0","78595530.0"
"2020","Junio","30105919.0","41674.0","46447616.0","2160115.0","8863.0","78764187.0"
"2020","Julio","30281308.0","42897.0","46465259.0","2164798.0","8875.0","78963137.0"
"2020","Agosto","30452002.0","44046.0","46486878.0","2171757.0","8852.0","79163535.0"
"2020","Septiembre","30928359.0","45158.0","46496770.0","2180563.0","8868.0","79659718.0"
"2020","Octubre","31093022.0","46213.0","46518455.0","2188983.0","9199.0","79855872.0"
"2020","Noviembre","31279688.0","47227.0","46513624.0","2195086.0","9243.0","80044868.0"
"2020","Diciembre","31229143.0","48083.0","46270347.0","2199691.0","9243.0","79756507.0"
"2021","Enero","31350306.0","49169.0","46307061.0","2200027.0","12307.0","79918870.0"
"2021","Febrero","31524340.0","50546.0","46343304.0","2206012.0","12044.0","80136246.0"
"2021","Marzo","30223745.0","51695.0","46383969.0","2212081.0","11942.0","78883432.0"
"2021","Abril","30369085.0","52839.0","46444537.0","2222407.0","12218.0","79101086.0"
"2021","Mayo","30508908.0","53890.0","46498131.0","2227557.0","12306.0","79300792.0"
"2021","Junio","30367012.0","55021.0","46846632.0","2234443.0","12313.0","79515421.0"
"2021","Julio","30543628.0","56181.0","46893313.0","2243017.0","12315.0","79748454.0"
"2021","Agosto","30887430.0","57341.0","46936259.0","2252097.0","12304.0","80145431.0"
"2021","Septiembre","31049672.0","58218.0","46969066.0","2259980.0","12278.0","80349214.0"
"2021","Octubre","31237707.0","59382.0","47013095.0","2269124.0","12248.0","80591556.0"
"2021","Noviembre","31329153.0","59979.0","47025091.0","2278028.0","12227.0","80704478.0"
"2021","Diciembre","31347844.0","61262.0","47029185.0","2284574.0","11831.0","80734696.0"
"2022","Enero","31354435.0","65779.0","47062070.0","2286648.0","11800.0","80780732.0"
"2022","Febrero","31379395.0","66625.0","47129379.0","2288783.0","11775.0","80875957.0"
"2022","Marzo","31415543.0","68641.0","47181771.0","2296536.0","11818.0","80974309.0"
"2022","Abril","31411323.0","69349.0","47253248.0","2303173.0","12132.0","81049225.0"
"2022","Mayo","31426751.0","69950.0","47325047.0","2307657.0","12127.0","81141532.0"
"2022","Junio","31406531.0","70605.0","47436426.0","2312813.0","12069.0","81238444.0"
"2022","Julio","31431406.0","71338.0","47520104.0","2317051.0","12133.0","81352032.0"
"2022","Agosto","31480044.0","72757.0","47657299.0","2321426.0","12132.0","81543658.0"
"2022","Septiembre","31531473.0","73995.0","47778248.0","2328303.0","12206.0","81724225.0"
"2022","Octubre","31574291.0","75400.0","47928902.0","2337328.0","12223.0","81928144.0"
"2022","Noviembre","31616746.0","77248.0","48060896.0","2346360.0","12214.0","82113464.0"
"2022","Diciembre","31644411.0","78737.0","48146067.0","2354324.0","11895.0","82235434.0"
"2023","Enero","31673029.0","80509.0","48327835.0","2362082.0","11810.0","82455265.0"
"2023","Febrero","31716314.0","82222.0","48490212.0","2369762.0","11838.0","82670348.0"
"2023","Marzo","31753180.0","84319.0","48661560.0","2378272.0","11909.0","82889240.0"
"2023","Abril","31766295.0","85653.0","48791392.0","2383031.0","12849.0","83039220.0"
"2023","Mayo","31822377.0","86861.0","48930741.0","2390758.0","12894.0","83243631.0"
"2023","Junio","31855398.0","88332.0","49094076.0","2399429.0","12857.0","83450092.0"
"2023","Julio","31890104.0","89628.0","49258051.0","2408496.0","12844.0","83659123.0"
"2023","Agosto","31932939.0","91118.0","49445323.0","2416604.0","12852.0","83898836.0"
"2023","Septiembre","31987171.0","92303.0","49614884.0","2423957.0","12861.0","84131176.0"
"2023","Octubre","32024583.0","93458.0","49787858.0","2433522.0","12851.0","84352272.0"
"2023","Noviembre","32046517.0","94631.0","49925090.0","2441564.0","12842.0","84520644.0"
"2023","Diciembre","32059406.0","95547.0","50024797.0","2448653.0","12349.0","84640752.0"
"2024","Enero","32067585.0","96866.0","50208404.0","2453805.0","14940.0","84841600.0"
"2024","Febrero","32104314.0","98259.0","50349854.0","2460715.0","14932.0","85028074.0"
"2024","Marzo","32133006.0","99528.0","50476811.0","2467446.0","14988.0","85191779.0"
"2024","Abril","32138097.0","100564.0","50600502.0","2471401.0","15297.0","85325861.0"
"2024","Mayo","32163117.0","101619.0","50772347.0","2480833.0","15269.0","85533185.0"
"2024","Junio","32216081.0","102432.0","50919879.0","2487638.0","16192.0","85742222.0"
"2024","Julio","32239033.0","103475.0","51131851.0","2496076.0","16179.0","85986614.0"
"2024","Agosto","32278937.0","104708.0","51294292.0","2504438.0","16175.0","86198550.0"
"2024","Septiembre","32304308.0","105719.0","51454872.0","2512683.0","16172.0","86393754.0"
"2024","Octubre","32336529.0","106985.0","51638619.0","2520503.0","16175.0","86618811.0"
"2024","Noviembre","32376847.0","108464.0","51770825.0","2526866.0","16158.0","86799160.0"
"2024","Diciembre","32407664.0","109557.0","51858257.0","2532324.0","16131.0","86923933.0"
"2025","Enero","32468590.0","111101.0","52002407.0","2538963.0","16099.0","87137160.0"
"2025","Febrero","32513379.0","112664.0","52144610.0","2545746.0","16069.0","87332468.0"
"2025","Marzo","32552578.0","114266.0","52257503.0","2553714.0","15784.0","87493845.0"
"2025","Abril","32053547.0","115047.0","51517278.0","2558724.0","16006.0","86260602.0"
"2025","Mayo","32077080.0","116279.0","51645429.0","2565695.0","15998.0","86420481.0"
"2025","Junio","32082317.0","117491.0","51821446.0","2573418.0","15969.0","86610641.0"
"2025","Julio","32134170.0","118930.0","51993365.0","2580886.0","15918.0","86843269.0"
"2025","Agosto","32183878.0","120455.0","52159433.0","2587174.0","15873.0","87066813.0"
"2025","Septiembre","32217681.0","121954.0","52314727.0","2592895.0","15715.0","87262972.0"
"2025","Octubre","32269144.0","123598.0","52462940.0","2598133.0","15666.0","87469481.0"
"2025","Noviembre","32315495.0","125378.0","52576413.0","2602466.0","15654.0","87635406.0"
"2025","Diciembre","32351343.0","126881.0","52673672.0","2606085.0","15646.0","87773627.0"
"2026","Enero","32389284.0","128437.0","52819350.0","2609626.0","15574.0","87962271.0"
"2026","Febrero","32438453.0","129921.0","52937058.0","2614323.0","15425.0","88135180.0"
"2026","Marzo","32363452.0","131630.0","52861532.0","2621018.0","15402.0","87993034.0"
"2026","Abril","32379398.0","132681.0","52932127.0","2625461.0","15644.0","88085311.0"